{"cameraMode":{"drawMode":0,"name":"Shaded","section":"Shading Mode"},"sceneLighting":true,"audioPlay":false,"sceneViewState":{"m_AlwaysRefresh":false,"showFog":true,"showSkybox":true,"showFlares":true,"showImageEffects":true,"showParticleSystems":true,"showVisualEffectGraphs":true,"m_FxEnabled":true},"in2DMode":false,"pivot":{"x":13.13080883026123,"y":2.2205898761749269,"z":10.748043060302735},"rotation":{"x":0.2306477576494217,"y":0.02334843948483467,"z":-0.0055317627266049389,"w":0.9727487564086914},"size":3.1406986713409426,"orthographic":false}