{"cameraMode":{"drawMode":0,"name":"Shaded","section":"Shading Mode"},"sceneLighting":true,"audioPlay":false,"sceneViewState":{"m_AlwaysRefresh":false,"showFog":true,"showSkybox":true,"showFlares":true,"showImageEffects":true,"showParticleSystems":true,"showVisualEffectGraphs":true,"m_FxEnabled":true},"in2DMode":false,"pivot":{"x":-494.5196533203125,"y":-5.8193511962890629,"z":124.20059204101563},"rotation":{"x":0.1869303584098816,"y":-0.11319099366664887,"z":0.021682772785425187,"w":0.9755980372428894},"size":222.22052001953126,"orthographic":false}