{"cameraMode":{"drawMode":0,"name":"Shaded","section":"Shading Mode"},"sceneLighting":true,"audioPlay":false,"sceneViewState":{"m_AlwaysRefresh":false,"showFog":true,"showSkybox":true,"showFlares":true,"showImageEffects":true,"showParticleSystems":true,"showVisualEffectGraphs":true,"m_FxEnabled":true},"in2DMode":false,"pivot":{"x":12.197112083435059,"y":0.6538751721382141,"z":12.86453914642334},"rotation":{"x":0.13483750820159913,"y":-0.02972419746220112,"z":0.00404915027320385,"w":0.9904204607009888},"size":5.0188069343566898,"orthographic":false}