{"cameraMode":{"drawMode":0,"name":"Shaded","section":"Shading Mode"},"sceneLighting":false,"audioPlay":false,"sceneViewState":{"m_AlwaysRefresh":false,"showFog":true,"showSkybox":true,"showFlares":true,"showImageEffects":true,"showParticleSystems":true,"showVisualEffectGraphs":true,"m_FxEnabled":true},"in2DMode":false,"pivot":{"x":-1.6407957077026368,"y":-1.1717948913574219,"z":6.198921203613281},"rotation":{"x":-0.022439654916524888,"y":0.971830427646637,"z":-0.21050319075584413,"w":-0.10359727591276169},"size":26.336517333984376,"orthographic":false}