{"cameraMode":{"drawMode":0,"name":"Shaded","section":"Shading Mode"},"sceneLighting":true,"audioPlay":false,"sceneViewState":{"m_AlwaysRefresh":false,"showFog":true,"showSkybox":true,"showFlares":true,"showImageEffects":true,"showParticleSystems":true,"showVisualEffectGraphs":true,"m_FxEnabled":true},"in2DMode":false,"pivot":{"x":7.816516876220703,"y":-1.5875537395477296,"z":27.07868766784668},"rotation":{"x":-0.06912629306316376,"y":0.060414206236600879,"z":-0.0041939690709114079,"w":-0.9957633018493652},"size":9.04343318939209,"orthographic":false}