{"cameraMode":{"drawMode":0,"name":"Shaded","section":"Shading Mode"},"sceneLighting":true,"audioPlay":false,"sceneViewState":{"m_AlwaysRefresh":false,"showFog":true,"showSkybox":true,"showFlares":true,"showImageEffects":true,"showParticleSystems":true,"showVisualEffectGraphs":true,"m_FxEnabled":true},"in2DMode":false,"pivot":{"x":-9.267763137817383,"y":-53.08134078979492,"z":434.11114501953127},"rotation":{"x":-0.06624173372983933,"y":0.023043004795908929,"z":-0.0015306886052712799,"w":-0.997525155544281},"size":218.7474822998047,"orthographic":false}