{"cameraMode":{"drawMode":0,"name":"Shaded","section":"Shading Mode"},"sceneLighting":true,"audioPlay":false,"sceneViewState":{"m_AlwaysRefresh":false,"showFog":true,"showSkybox":true,"showFlares":true,"showImageEffects":true,"showParticleSystems":true,"showVisualEffectGraphs":true,"m_FxEnabled":true},"in2DMode":false,"pivot":{"x":-238.21437072753907,"y":-28.049156188964845,"z":103.049072265625},"rotation":{"x":0.10391832143068314,"y":-0.27378547191619875,"z":0.029771864414215089,"w":0.9557039141654968},"size":63.11386489868164,"orthographic":false}