{"cameraMode":{"drawMode":0,"name":"Shaded","section":"Shading Mode"},"sceneLighting":true,"audioPlay":false,"sceneViewState":{"m_AlwaysRefresh":false,"showFog":true,"showSkybox":true,"showFlares":true,"showImageEffects":true,"showParticleSystems":true,"showVisualEffectGraphs":true,"m_FxEnabled":true},"in2DMode":false,"pivot":{"x":14.35204029083252,"y":-6.1580281257629398,"z":28.757732391357423},"rotation":{"x":-0.18216028809547425,"y":-0.17825327813625337,"z":0.03360019251704216,"w":-0.9663921594619751},"size":12.776849746704102,"orthographic":false}