{"cameraMode":{"drawMode":0,"name":"Shaded","section":"Shading Mode"},"sceneLighting":true,"audioPlay":false,"sceneViewState":{"m_AlwaysRefresh":false,"showFog":true,"showSkybox":true,"showFlares":true,"showImageEffects":true,"showParticleSystems":true,"showVisualEffectGraphs":true,"m_FxEnabled":true},"in2DMode":false,"pivot":{"x":-447.9723205566406,"y":0.4672853946685791,"z":10.698091506958008},"rotation":{"x":-0.15541355311870576,"y":0.29888951778411868,"z":-0.049406129866838458,"w":-0.9402533769607544},"size":7.731180667877197,"orthographic":false}