{"cameraMode":{"drawMode":0,"name":"Shaded","section":"Shading Mode"},"sceneLighting":true,"audioPlay":false,"sceneViewState":{"m_AlwaysRefresh":false,"showFog":true,"showSkybox":true,"showFlares":true,"showImageEffects":true,"showParticleSystems":true,"showVisualEffectGraphs":true,"m_FxEnabled":true},"in2DMode":false,"pivot":{"x":7.532045841217041,"y":-29.44839096069336,"z":59.57402038574219},"rotation":{"x":0.28417712450027468,"y":-0.03163667023181915,"z":0.009382618591189385,"w":0.9582042694091797},"size":32.007057189941409,"orthographic":false}