{"cameraMode":{"drawMode":0,"name":"Shaded","section":"Shading Mode"},"sceneLighting":true,"audioPlay":false,"sceneViewState":{"m_AlwaysRefresh":false,"showFog":true,"showSkybox":true,"showFlares":true,"showImageEffects":true,"showParticleSystems":true,"showVisualEffectGraphs":true,"m_FxEnabled":true},"in2DMode":false,"pivot":{"x":7.971766948699951,"y":4.7248640060424809,"z":-3.6327085494995119},"rotation":{"x":-0.008635034784674645,"y":0.9788910150527954,"z":-0.19976617395877839,"w":-0.04231360927224159},"size":19.72270965576172,"orthographic":false}