{"cameraMode":{"drawMode":0,"name":"Shaded","section":"Shading Mode"},"sceneLighting":true,"audioPlay":false,"sceneViewState":{"m_AlwaysRefresh":false,"showFog":true,"showSkybox":true,"showFlares":true,"showImageEffects":true,"showParticleSystems":true,"showVisualEffectGraphs":true,"m_FxEnabled":true},"in2DMode":false,"pivot":{"x":8.724213600158692,"y":2.0345776081085207,"z":8.834769248962403},"rotation":{"x":0.000012173607501608785,"y":0.9999479651451111,"z":0.0011903794948011637,"w":-0.010198835283517838},"size":4.266989707946777,"orthographic":false}