{"cameraMode":{"drawMode":0,"name":"Shaded","section":"Shading Mode"},"sceneLighting":false,"audioPlay":false,"sceneViewState":{"m_AlwaysRefresh":false,"showFog":true,"showSkybox":false,"showFlares":true,"showImageEffects":true,"showParticleSystems":true,"showVisualEffectGraphs":true,"m_FxEnabled":true},"in2DMode":false,"pivot":{"x":1.3038026094436646,"y":0.26068663597106936,"z":0.06209373474121094},"rotation":{"x":0.14963877201080323,"y":0.03800073266029358,"z":-0.005737679544836283,"w":0.9880203604698181},"size":5.707395553588867,"orthographic":false}