{"cameraMode":{"drawMode":0,"name":"Shaded","section":"Shading Mode"},"sceneLighting":false,"audioPlay":false,"sceneViewState":{"m_AlwaysRefresh":false,"showFog":true,"showSkybox":false,"showFlares":true,"showImageEffects":true,"showParticleSystems":true,"showVisualEffectGraphs":true,"m_FxEnabled":true},"in2DMode":false,"pivot":{"x":10.485486030578614,"y":0.17555299401283265,"z":16.564411163330079},"rotation":{"x":0.016224196180701257,"y":0.9686781167984009,"z":-0.06578674167394638,"w":0.2389015555381775},"size":2.0867397785186769,"orthographic":false}